<?xml version="1.0" encoding="UTF-8"?>
<project-private xmlns="http://www.netbeans.org/ns/project-private/1">
    <editor-bookmarks xmlns="http://www.netbeans.org/ns/editor-bookmarks/2" lastBookmarkId="0"/>
    <open-files xmlns="http://www.netbeans.org/ns/projectui-open-files/2">
        <group name="Own"/>
        <group name="1">
            <file>file:/C:/work/Otodolo_Amoba-2014-06-18/Otodolo_Amoba-2014-06-18/Otodolo_Amoba/src/AmobaGUI.java</file>
            <file>file:/C:/work/Otodolo_Amoba-2014-06-18/Otodolo_Amoba-2014-06-18/Otodolo_Amoba/src/Interface.java</file>
            <file>file:/C:/work/Otodolo_Amoba-2014-06-18/Otodolo_Amoba-2014-06-18/Otodolo_Amoba/src/AmobaStart.java</file>
            <file>file:/C:/work/Otodolo_Amoba-2014-06-18/Otodolo_Amoba-2014-06-18/Otodolo_Amoba/src/Windows.java</file>
            <file>file:/C:/work/Otodolo_Amoba-2014-06-18/Otodolo_Amoba-2014-06-18/Otodolo_Amoba/src/XMLLogic.java</file>
        </group>
        <group name="a">
            <file>file:/C:/work/Other/Aktualis/Otodolo_Amoba-2014-06-18/Otodolo_Amoba/src/AmobaGUI.java</file>
        </group>
        <group name="Gomoku">
            <file>file:/C:/work/Otodolo_Amoba/src/Login.java</file>
        </group>
        <group/>
    </open-files>
</project-private>
